pos_group,race_category,error
back,chaotic,5.266666666666667
back,clean,2.0
back,moderate,4.323529411764706
front,chaotic,2.0277777777777777
front,clean,0.0
front,moderate,0.7619047619047619
midfield,chaotic,3.611111111111111
midfield,clean,1.7777777777777777
midfield,moderate,2.7301587301587302
