pos_group,race_category,error
back,chaotic,5.266666666666667
back,clean,2.8666666666666667
back,moderate,4.323529411764706
front,chaotic,2.0277777777777777
front,clean,0.1111111111111111
front,moderate,0.7619047619047619
midfield,chaotic,3.611111111111111
midfield,clean,2.185185185185185
midfield,moderate,2.7301587301587302
