overall_mae,clean_unaffected_mae,perfect_chaos_mae,ci_clean_low,ci_clean_high,ci_chaotic_low,ci_chaotic_high,sig_method,sig_p_value
2.761755485893417,1.7333333333333334,1.974921630094044,1.1995833333333341,2.283333333333333,2.8916666666666666,4.208541666666665,mannwhitneyu,0.00034696992931048797
